Comment,Designator,Footprint,LCSC Part #
0.2u,C2 C3 C4,C1206,
1.2k,R4 R5 R6,R0603,
1n,C7,C0603,
2,R1 R2 R21 R22 R23 R24 R25 R26 R32 R33 R34 R35 R36 R41,R0603,
2.2u,C1,C1206,
22n,C5,C0603,
78L12F,U7,SOT89,
100n,C6 C10,C0603,
330k,R3,R0603,
330n,C9,C0603,
470,R7 R8 R9 R10 R11 R12 R13 R14 R15 R16 R17 R18,R0603,
6800p,C25 C26 C28 C29 C40 C41,C0603,
ACS710,U$1,ACS710,
DRV8300D,DRV8300D1,DRV8300D,
GREEN,LED3,CHIP-LED0603,
RED,LED1,CHIP-LED0603,
TLP291,U1 U2 U3 U4 U5 U6,MINI-FLAT-4,
TPH1R405PL L1Q,Q1,SOPADVANCE,
TPH1R405PL L1Q,Q2,SOPADVANCE,
TPH1R405PL L1Q,Q3,SOPADVANCE,
TPH1R405PL L1Q,Q4,SOPADVANCE,
TPH1R405PL L1Q,Q5,SOPADVANCE,
TPH1R405PL L1Q,Q6,SOPADVANCE,
YELLOW,LED2,CHIP-LED0603,
